"location","indicator","Unit","Date","Value"
"New York","8th grade math - percent at or above proficient","%","2000","26"
"New York","8th grade math - percent at or above proficient","%","2003","32"
"New York","8th grade math - percent at or above proficient","%","2005","31"
"New York","8th grade math - percent at or above proficient","%","2007","30.2"
"New York","8th grade math - percent at or above proficient","%","2009","33.7"
"New York","8th grade math - percent at or above proficient","%","2011","30"
"New York","8th grade math - percent at or above proficient","%","2013","32.3"
"New York","8th grade math - percent at or above proficient","%","2015","30.9"
"New York","4th grade reading - percent at or above proficient","%","2003","34"
"New York","4th grade reading - percent at or above proficient","%","2005","33"
"New York","4th grade reading - percent at or above proficient","%","2007","36"
"New York","4th grade reading - percent at or above proficient","%","2009","36"
"New York","4th grade reading - percent at or above proficient","%","2011","35"
"New York","4th grade reading - percent at or above proficient","%","2013","37"
"New York","4th grade reading - percent at or above proficient","%","2015","35.7"
"New York","Percent of adults with a postsecondary degree","%","2005","43.3"
"New York","Percent of adults with a postsecondary degree","%","2006","42.7"
"New York","Percent of adults with a postsecondary degree","%","2007","43.5"
"New York","Percent of adults with a postsecondary degree","%","2008","43.7"
"New York","Percent of adults with a postsecondary degree","%","2009","44.5"
"New York","Percent of adults with a postsecondary degree","%","2010","44.1"
"New York","Percent of adults with a postsecondary degree","%","2011","44.7"
"New York","Percent of adults with a postsecondary degree","%","2012","45.3"
"New York","Percent of adults with a postsecondary degree","%","2013","45.8"
"New York","Percent of adults with a postsecondary degree","%","2014","46.6"
"New York","Percent of adults with incomes at or above the national median","%","2005","54.4"
"New York","Percent of adults with incomes at or above the national median","%","2006","54.1"
"New York","Percent of adults with incomes at or above the national median","%","2007","53.8"
"New York","Percent of adults with incomes at or above the national median","%","2008","54.5"
"New York","Percent of adults with incomes at or above the national median","%","2009","55.2"
"New York","Percent of adults with incomes at or above the national median","%","2010","55.6"
"New York","Percent of adults with incomes at or above the national median","%","2011","55.5"
"New York","Percent of adults with incomes at or above the national median","%","2012","54.3"
"New York","Percent of adults with incomes at or above the national median","%","2013","53.5"
"New York","Percent of adults with incomes at or above the national median","%","2014","54.2"
"New York","Percent of adults in labor force with steady employment","%","2005","67.3"
"New York","Percent of adults in labor force with steady employment","%","2006","68.6"
"New York","Percent of adults in labor force with steady employment","%","2007","69.4"
"New York","Percent of adults in labor force with steady employment","%","2008","73.3"
"New York","Percent of adults in labor force with steady employment","%","2009","71.1"
"New York","Percent of adults in labor force with steady employment","%","2010","69.8"
"New York","Percent of adults in labor force with steady employment","%","2011","70"
"New York","Percent of adults in labor force with steady employment","%","2012","70.3"
"New York","Percent of adults in labor force with steady employment","%","2013","70.2"
"New York","Percent of adults in labor force with steady employment","%","2014","71.3"
"New York","Percent of children who live in above-low-income families","%","2005","61.4"
"New York","Percent of children who live in above-low-income families","%","2006","60.8"
"New York","Percent of children who live in above-low-income families","%","2007","61.7"
"New York","Percent of children who live in above-low-income families","%","2008","62.1"
"New York","Percent of children who live in above-low-income families","%","2009","61.1"
"New York","Percent of children who live in above-low-income families","%","2010","58.7"
"New York","Percent of children who live in above-low-income families","%","2011","57.5"
"New York","Percent of children who live in above-low-income families","%","2012","57"
"New York","Percent of children who live in above-low-income families","%","2013","57.8"
"New York","Percent of children who live in above-low-income families","%","2014","57.5"
"New York","Percent of children with at least one parent with a postsecondary degree","%","2005","48.4"
"New York","Percent of children with at least one parent with a postsecondary degree","%","2006","48.4"
"New York","Percent of children with at least one parent with a postsecondary degree","%","2007","49.3"
"New York","Percent of children with at least one parent with a postsecondary degree","%","2008","49.4"
"New York","Percent of children with at least one parent with a postsecondary degree","%","2009","50.5"
"New York","Percent of children with at least one parent with a postsecondary degree","%","2010","49.6"
"New York","Percent of children with at least one parent with a postsecondary degree","%","2011","49.8"
"New York","Percent of children with at least one parent with a postsecondary degree","%","2012","50.7"
"New York","Percent of children with at least one parent with a postsecondary degree","%","2013","51.3"
"New York","Percent of children with at least one parent with a postsecondary degree","%","2014","53.2"
"New York","Percent of children with at least one parent with steady employment","%","2005","69.3"
"New York","Percent of children with at least one parent with steady employment","%","2006","70.6"
"New York","Percent of children with at least one parent with steady employment","%","2007","71"
"New York","Percent of children with at least one parent with steady employment","%","2008","75.7"
"New York","Percent of children with at least one parent with steady employment","%","2009","73.3"
"New York","Percent of children with at least one parent with steady employment","%","2010","71.9"
"New York","Percent of children with at least one parent with steady employment","%","2011","72"
"New York","Percent of children with at least one parent with steady employment","%","2012","71.6"
"New York","Percent of children with at least one parent with steady employment","%","2013","72.1"
"New York","Percent of children with at least one parent with steady employment","%","2014","71.6"
"New York","Percent of children whose parents are fluent English-speakers","%","2005","81"
"New York","Percent of children whose parents are fluent English-speakers","%","2006","80"
"New York","Percent of children whose parents are fluent English-speakers","%","2007","79.4"
"New York","Percent of children whose parents are fluent English-speakers","%","2008","79"
"New York","Percent of children whose parents are fluent English-speakers","%","2009","79"
"New York","Percent of children whose parents are fluent English-speakers","%","2010","78.4"
"New York","Percent of children whose parents are fluent English-speakers","%","2011","78.8"
"New York","Percent of children whose parents are fluent English-speakers","%","2012","77.8"
"New York","Percent of children whose parents are fluent English-speakers","%","2013","78"
"New York","Percent of children whose parents are fluent English-speakers","%","2014","77.6"
"New York","Percent of 3- and 4-year-olds enrolled in preschool","%","2005","52.5"
"New York","Percent of 3- and 4-year-olds enrolled in preschool","%","2006","56.2"
"New York","Percent of 3- and 4-year-olds enrolled in preschool","%","2007","55.4"
"New York","Percent of 3- and 4-year-olds enrolled in preschool","%","2008","56.9"
"New York","Percent of 3- and 4-year-olds enrolled in preschool","%","2009","58.3"
"New York","Percent of 3- and 4-year-olds enrolled in preschool","%","2010","58.3"
"New York","Percent of 3- and 4-year-olds enrolled in preschool","%","2011","57.7"
"New York","Percent of 3- and 4-year-olds enrolled in preschool","%","2012","58.3"
"New York","Percent of 3- and 4-year-olds enrolled in preschool","%","2013","57.7"
"New York","Percent of 3- and 4-year-olds enrolled in preschool","%","2014","57.7"
"New York","Percent of eligible children enrolled in kindergarten programs","%","2005","74.9"
"New York","Percent of eligible children enrolled in kindergarten programs","%","2006","77"
"New York","Percent of eligible children enrolled in kindergarten programs","%","2007","76.5"
"New York","Percent of eligible children enrolled in kindergarten programs","%","2008","77.3"
"New York","Percent of eligible children enrolled in kindergarten programs","%","2009","77.7"
"New York","Percent of eligible children enrolled in kindergarten programs","%","2010","78"
"New York","Percent of eligible children enrolled in kindergarten programs","%","2011","78.5"
"New York","Percent of eligible children enrolled in kindergarten programs","%","2012","78.7"
"New York","Percent of eligible children enrolled in kindergarten programs","%","2013","79"
"New York","Percent of eligible children enrolled in kindergarten programs","%","2014","78.8"
"New York","Percent of young adults involved in postsecondary education","%","2005","57"
"New York","Percent of young adults involved in postsecondary education","%","2006","62.5"
"New York","Percent of young adults involved in postsecondary education","%","2007","62.9"
"New York","Percent of young adults involved in postsecondary education","%","2008","62.8"
"New York","Percent of young adults involved in postsecondary education","%","2009","63.6"
"New York","Percent of young adults involved in postsecondary education","%","2010","63.4"
"New York","Percent of young adults involved in postsecondary education","%","2011","64.4"
"New York","Percent of young adults involved in postsecondary education","%","2012","64.6"
"New York","Percent of young adults involved in postsecondary education","%","2013","63.5"
"New York","Percent of young adults involved in postsecondary education","%","2014","64"
"New York","Statewide graduation rate - Cumulative promotion index (CPI)","Index","1993","64.15003"
"New York","Statewide graduation rate - Cumulative promotion index (CPI)","Index","1994","62.48537"
"New York","Statewide graduation rate - Cumulative promotion index (CPI)","Index","1995","62.15641"
"New York","Statewide graduation rate - Cumulative promotion index (CPI)","Index","1996","60.76006"
"New York","Statewide graduation rate - Cumulative promotion index (CPI)","Index","1997","59.94776"
"New York","Statewide graduation rate - Cumulative promotion index (CPI)","Index","1998","57.43334"
"New York","Statewide graduation rate - Cumulative promotion index (CPI)","Index","1999","58.62209"
"New York","Statewide graduation rate - Cumulative promotion index (CPI)","Index","2000","60.27728"
"New York","Statewide graduation rate - Cumulative promotion index (CPI)","Index","2001","61.8"
"New York","Statewide graduation rate - Cumulative promotion index (CPI)","Index","2002","60.86358"
"New York","Statewide graduation rate - Cumulative promotion index (CPI)","Index","2003","62.5"
"New York","Statewide graduation rate - Cumulative promotion index (CPI)","Index","2004","65"
"New York","Statewide graduation rate - Cumulative promotion index (CPI)","Index","2005","68"
"New York","Statewide graduation rate - Cumulative promotion index (CPI)","Index","2006","68.31304"
"New York","Statewide graduation rate - Cumulative promotion index (CPI)","Index","2007","70.58535"
"New York","Statewide graduation rate - Cumulative promotion index (CPI)","Index","2008","71.8"
"New York","Statewide graduation rate - Cumulative promotion index (CPI)","Index","2009","78.4"
"New York","Statewide graduation rate - Cumulative promotion index (CPI)","Index","2010","73.3"
